{
  "stats": {
    "submitted": 20,
    "finished": 20,
    "running": 0
  },
  "data": [
    [
      1,
      null,
      209652396,
      null,
      0.999895293811213,
      1442.8372311592102,
      1,
      1707961045.6050208,
      1707962488.4430096,
      {}
    ],
    [
      2,
      null,
      209652396,
      null,
      0.999485617064062,
      627.3120124340057,
      1,
      1707962488.4492517,
      1707963115.7622552,
      {}
    ],
    [
      3,
      null,
      209652396,
      null,
      0.999066213272544,
      602.2770791053772,
      1,
      1707963115.7683527,
      1707963718.0471592,
      {}
    ],
    [
      4,
      null,
      209652396,
      null,
      0.9999451166065204,
      1783.3806281089783,
      1,
      1707963718.052601,
      1707965501.434931,
      {}
    ],
    [
      5,
      null,
      209652396,
      null,
      0.9999959960096418,
      2186.8959386348724,
      1,
      1707965501.4403355,
      1707967688.3379843,
      {}
    ],
    [
      6,
      null,
      209652396,
      null,
      0.999901351981403,
      609.2146565914154,
      1,
      1707967689.8695557,
      1707968299.0866742,
      {}
    ],
    [
      7,
      null,
      209652396,
      null,
      0.9999085912058655,
      614.709276676178,
      1,
      1707968299.0892968,
      1707968913.799267,
      {}
    ],
    [
      8,
      null,
      209652396,
      null,
      0.999901351981403,
      592.6305503845215,
      1,
      1707968913.8040686,
      1707969506.4360044,
      {}
    ],
    [
      9,
      null,
      209652396,
      null,
      0.9999085912058655,
      598.2021369934082,
      1,
      1707969506.4420261,
      1707970104.6458862,
      {}
    ],
    [
      10,
      null,
      209652396,
      null,
      0.9999085912058655,
      602.4903020858765,
      1,
      1707970104.6529114,
      1707970707.144889,
      {}
    ],
    [
      11,
      null,
      209652396,
      null,
      0.999901351981403,
      588.7504839897156,
      1,
      1707970707.1509142,
      1707971295.9030957,
      {}
    ],
    [
      12,
      null,
      209652396,
      null,
      0.9999085912058655,
      605.6863832473755,
      1,
      1707971295.9092152,
      1707971901.597297,
      {}
    ],
    [
      13,
      null,
      209652396,
      null,
      0.9999085912058655,
      604.8883624076843,
      1,
      1707971901.603608,
      1707972506.493656,
      {}
    ],
    [
      14,
      null,
      209652396,
      null,
      0.99948367364879,
      603.96746134758,
      1,
      1707972508.6393433,
      1707973112.609005,
      {}
    ],
    [
      15,
      null,
      209652396,
      null,
      0.999404646901735,
      576.9572484493256,
      1,
      1707973112.6126976,
      1707973689.570721,
      {}
    ],
    [
      16,
      null,
      209652396,
      null,
      0.999169654345341,
      595.3277611732483,
      1,
      1707973689.5776153,
      1707974284.907145,
      {}
    ],
    [
      17,
      null,
      209652396,
      null,
      0.99948367364879,
      606.3092086315155,
      1,
      1707974284.914036,
      1707974891.2250624,
      {}
    ],
    [
      18,
      null,
      209652396,
      null,
      0.999404646901735,
      556.2193312644958,
      1,
      1707974891.232361,
      1707975447.4535332,
      {}
    ],
    [
      19,
      null,
      209652396,
      null,
      0.999023591301858,
      586.3532559871674,
      1,
      1707975447.4606652,
      1707976033.8157024,
      {}
    ],
    [
      20,
      null,
      209652396,
      null,
      0.999781047929127,
      1168.9002857208252,
      1,
      1707976033.8242085,
      1707977202.7262418,
      {}
    ]
  ],
  "configs": {
    "1": {
      "inner": 0.18006355632096532,
      "outer": 0.6861694086343051
    },
    "2": {
      "inner": 0.29023093413561585,
      "outer": 0.563899551704526
    },
    "3": {
      "inner": 0.36350222975015645,
      "outer": 0.7407562565989793
    },
    "4": {
      "inner": 0.10803952254354954,
      "outer": 0.6185436916537583
    },
    "5": {
      "inner": 0.17312988145276906,
      "outer": 0.7790156670846046
    },
    "6": {
      "inner": 0.3999625124591938,
      "outer": 0.7499461381412048
    },
    "7": {
      "inner": 0.39994513490100325,
      "outer": 0.7511385696753944
    },
    "8": {
      "inner": 0.39992941549883165,
      "outer": 0.7504656012729659
    },
    "9": {
      "inner": 0.3997376254169581,
      "outer": 0.7506647366859154
    },
    "10": {
      "inner": 0.399721780886377,
      "outer": 0.7510774590451146
    },
    "11": {
      "inner": 0.39970028750209274,
      "outer": 0.7501614417625484
    },
    "12": {
      "inner": 0.3996754195756289,
      "outer": 0.7512001379830271
    },
    "13": {
      "inner": 0.3995691726835888,
      "outer": 0.7514708682403141
    },
    "14": {
      "inner": 0.35839304155433793,
      "outer": 0.7282220035657324
    },
    "15": {
      "inner": 0.3585802835673011,
      "outer": 0.7269705084697198
    },
    "16": {
      "inner": 0.35834492651841277,
      "outer": 0.7287193877936233
    },
    "17": {
      "inner": 0.35831193173069764,
      "outer": 0.7284722106590316
    },
    "18": {
      "inner": 0.3587527358211362,
      "outer": 0.7265693142297449
    },
    "19": {
      "inner": 0.35884212873030585,
      "outer": 0.7262908651237125
    },
    "20": {
      "inner": 0.2368450996649646,
      "outer": 0.6705301846605946
    }
  },
  "config_origins": {
    "1": "Initial Design: Sobol",
    "2": "Initial Design: Sobol",
    "3": "Initial Design: Sobol",
    "4": "Initial Design: Sobol",
    "5": "Initial Design: Sobol",
    "6": "Acquisition Function Maximizer: Local Search",
    "7": "Acquisition Function Maximizer: Local Search",
    "8": "Acquisition Function Maximizer: Local Search",
    "9": "Acquisition Function Maximizer: Local Search",
    "10": "Acquisition Function Maximizer: Local Search",
    "11": "Acquisition Function Maximizer: Local Search",
    "12": "Acquisition Function Maximizer: Local Search",
    "13": "Acquisition Function Maximizer: Local Search",
    "14": "Acquisition Function Maximizer: Local Search",
    "15": "Acquisition Function Maximizer: Local Search",
    "16": "Acquisition Function Maximizer: Local Search",
    "17": "Acquisition Function Maximizer: Local Search",
    "18": "Acquisition Function Maximizer: Local Search",
    "19": "Acquisition Function Maximizer: Local Search",
    "20": "Random Search"
  }
}